{
  "areaCodes": [
    { "code": "011", "city": "札幌", "prefCode": "01", "prefName": "北海道", "region": "北海道" },
    { "code": "0138", "city": "函館", "prefCode": "01", "prefName": "北海道", "region": "北海道" },
    { "code": "0155", "city": "帯広", "prefCode": "01", "prefName": "北海道", "region": "北海道" },
    { "code": "0154", "city": "釧路", "prefCode": "01", "prefName": "北海道", "region": "北海道" },
    { "code": "0166", "city": "旭川", "prefCode": "01", "prefName": "北海道", "region": "北海道" },
    { "code": "017", "city": "青森", "prefCode": "02", "prefName": "青森県", "region": "東北" },
    { "code": "0178", "city": "八戸", "prefCode": "02", "prefName": "青森県", "region": "東北" },
    { "code": "019", "city": "盛岡", "prefCode": "03", "prefName": "岩手県", "region": "東北" },
    { "code": "022", "city": "仙台", "prefCode": "04", "prefName": "宮城県", "region": "東北" },
    { "code": "018", "city": "秋田", "prefCode": "05", "prefName": "秋田県", "region": "東北" },
    { "code": "023", "city": "山形", "prefCode": "06", "prefName": "山形県", "region": "東北" },
    { "code": "024", "city": "郡山", "prefCode": "07", "prefName": "福島県", "region": "東北" },
    { "code": "0242", "city": "会津若松", "prefCode": "07", "prefName": "福島県", "region": "東北" },
    { "code": "029", "city": "水戸", "prefCode": "08", "prefName": "茨城県", "region": "関東" },
    { "code": "028", "city": "宇都宮", "prefCode": "09", "prefName": "栃木県", "region": "関東" },
    { "code": "027", "city": "前橋", "prefCode": "10", "prefName": "群馬県", "region": "関東" },
    { "code": "048", "city": "さいたま", "prefCode": "11", "prefName": "埼玉県", "region": "関東" },
    { "code": "049", "city": "所沢", "prefCode": "11", "prefName": "埼玉県", "region": "関東" },
    { "code": "043", "city": "千葉", "prefCode": "12", "prefName": "千葉県", "region": "関東" },
    { "code": "047", "city": "船橋", "prefCode": "12", "prefName": "千葉県", "region": "関東" },
    { "code": "04", "city": "柏", "prefCode": "12", "prefName": "千葉県", "region": "関東" },
    { "code": "03", "city": "東京", "prefCode": "13", "prefName": "東京都", "region": "関東" },
    { "code": "042", "city": "多摩", "prefCode": "13", "prefName": "東京都", "region": "関東" },
    { "code": "045", "city": "横浜", "prefCode": "14", "prefName": "神奈川県", "region": "関東" },
    { "code": "044", "city": "川崎", "prefCode": "14", "prefName": "神奈川県", "region": "関東" },
    { "code": "046", "city": "厚木・横須賀", "prefCode": "14", "prefName": "神奈川県", "region": "関東" },
    { "code": "025", "city": "新潟", "prefCode": "15", "prefName": "新潟県", "region": "中部" },
    { "code": "076", "city": "富山・金沢", "prefCode": "16", "prefName": "富山県", "region": "中部" },
    { "code": "0762", "city": "金沢", "prefCode": "17", "prefName": "石川県", "region": "中部" },
    { "code": "0776", "city": "福井", "prefCode": "18", "prefName": "福井県", "region": "中部" },
    { "code": "055", "city": "甲府", "prefCode": "19", "prefName": "山梨県", "region": "中部" },
    { "code": "026", "city": "長野", "prefCode": "20", "prefName": "長野県", "region": "中部" },
    { "code": "0263", "city": "松本", "prefCode": "20", "prefName": "長野県", "region": "中部" },
    { "code": "058", "city": "岐阜", "prefCode": "21", "prefName": "岐阜県", "region": "中部" },
    { "code": "054", "city": "静岡", "prefCode": "22", "prefName": "静岡県", "region": "中部" },
    { "code": "053", "city": "浜松", "prefCode": "22", "prefName": "静岡県", "region": "中部" },
    { "code": "052", "city": "名古屋", "prefCode": "23", "prefName": "愛知県", "region": "中部" },
    { "code": "0566", "city": "刈谷", "prefCode": "23", "prefName": "愛知県", "region": "中部" },
    { "code": "059", "city": "津", "prefCode": "24", "prefName": "三重県", "region": "近畿" },
    { "code": "077", "city": "大津", "prefCode": "25", "prefName": "滋賀県", "region": "近畿" },
    { "code": "075", "city": "京都", "prefCode": "26", "prefName": "京都府", "region": "近畿" },
    { "code": "06", "city": "大阪", "prefCode": "27", "prefName": "大阪府", "region": "近畿" },
    { "code": "072", "city": "堺", "prefCode": "27", "prefName": "大阪府", "region": "近畿" },
    { "code": "078", "city": "神戸", "prefCode": "28", "prefName": "兵庫県", "region": "近畿" },
    { "code": "079", "city": "姫路", "prefCode": "28", "prefName": "兵庫県", "region": "近畿" },
    { "code": "0742", "city": "奈良", "prefCode": "29", "prefName": "奈良県", "region": "近畿" },
    { "code": "073", "city": "和歌山", "prefCode": "30", "prefName": "和歌山県", "region": "近畿" },
    { "code": "0857", "city": "鳥取", "prefCode": "31", "prefName": "鳥取県", "region": "中国" },
    { "code": "0852", "city": "松江", "prefCode": "32", "prefName": "島根県", "region": "中国" },
    { "code": "086", "city": "岡山", "prefCode": "33", "prefName": "岡山県", "region": "中国" },
    { "code": "082", "city": "広島", "prefCode": "34", "prefName": "広島県", "region": "中国" },
    { "code": "084", "city": "福山", "prefCode": "34", "prefName": "広島県", "region": "中国" },
    { "code": "083", "city": "山口・下関", "prefCode": "35", "prefName": "山口県", "region": "中国" },
    { "code": "088", "city": "徳島・高知", "prefCode": "36", "prefName": "徳島県", "region": "四国" },
    { "code": "087", "city": "高松", "prefCode": "37", "prefName": "香川県", "region": "四国" },
    { "code": "089", "city": "松山", "prefCode": "38", "prefName": "愛媛県", "region": "四国" },
    { "code": "0880", "city": "四万十", "prefCode": "39", "prefName": "高知県", "region": "四国" },
    { "code": "0888", "city": "高知", "prefCode": "39", "prefName": "高知県", "region": "四国" },
    { "code": "092", "city": "福岡", "prefCode": "40", "prefName": "福岡県", "region": "九州" },
    { "code": "093", "city": "北九州", "prefCode": "40", "prefName": "福岡県", "region": "九州" },
    { "code": "0952", "city": "佐賀", "prefCode": "41", "prefName": "佐賀県", "region": "九州" },
    { "code": "095", "city": "長崎", "prefCode": "42", "prefName": "長崎県", "region": "九州" },
    { "code": "096", "city": "熊本", "prefCode": "43", "prefName": "熊本県", "region": "九州" },
    { "code": "097", "city": "大分", "prefCode": "44", "prefName": "大分県", "region": "九州" },
    { "code": "0985", "city": "宮崎", "prefCode": "45", "prefName": "宮崎県", "region": "九州" },
    { "code": "099", "city": "鹿児島", "prefCode": "46", "prefName": "鹿児島県", "region": "九州" },
    { "code": "098", "city": "那覇", "prefCode": "47", "prefName": "沖縄県", "region": "九州" }
  ]
}
